{"acceptance": {"0.0": {"utility": 0.772, "fairness": {"acceptance": [0.22607260726072606, 0.642754662840746], "tpr": [0.3547008547008547, 0.8307692307692308], "fpr": [0.14516129032258066, 0.2052505966587112], "ppv": [0.6058394160583942, 0.9040178571428571], "for": [0.32196162046908317, 0.3313253012048193]}, "thresholds": [0.55, 0.63]}, "1.0": {"utility": 0.7345, "fairness": {"acceptance": [0.6402640264026402, 0.642754662840746], "tpr": [0.7307692307692307, 0.8307692307692308], "fpr": [0.5833333333333334, 0.2052505966587112], "ppv": [0.44072164948453607, 0.9040178571428571], "for": [0.2889908256880734, 0.3313253012048193]}, "thresholds": [0.28, 0.63]}, "0.1": {"utility": 0.7705, "fairness": {"acceptance": [0.264026402640264, 0.642754662840746], "tpr": [0.3974358974358974, 0.8307692307692308], "fpr": [0.18010752688172044, 0.2052505966587112], "ppv": [0.58125, 0.9040178571428571], "for": [0.31614349775784756, 0.3313253012048193]}, "thresholds": [0.52, 0.63]}, "0.2": {"utility": 0.77, "fairness": {"acceptance": [0.3085808580858086, 0.642754662840746], "tpr": [0.452991452991453, 0.8307692307692308], "fpr": [0.21774193548387097, 0.2052505966587112], "ppv": [0.5668449197860963, 0.9040178571428571], "for": [0.3054892601431981, 0.3313253012048193]}, "thresholds": [0.48, 0.63]}, "0.3": {"utility": 0.7645, "fairness": {"acceptance": [0.3085808580858086, 0.5989956958393113], "tpr": [0.452991452991453, 0.7938461538461539], "fpr": [0.21774193548387097, 0.14558472553699284], "ppv": [0.5668449197860963, 0.9269461077844311], "for": [0.3054892601431981, 0.3595706618962433]}, "thresholds": [0.48, 0.6900000000000001]}, "0.4": {"utility": 0.759, "fairness": {"acceptance": [0.3943894389438944, 0.642754662840746], "tpr": [0.5170940170940171, 0.8307692307692308], "fpr": [0.3172043010752688, 0.2052505966587112], "ppv": [0.5062761506276151, 0.9040178571428571], "for": [0.3079019073569482, 0.3313253012048193]}, "thresholds": [0.42, 0.63]}, "0.5": {"utility": 0.755, "fairness": {"acceptance": [0.4306930693069307, 0.642754662840746], "tpr": [0.5470085470085471, 0.8307692307692308], "fpr": [0.3575268817204301, 0.2052505966587112], "ppv": [0.4904214559386973, 0.9040178571428571], "for": [0.3072463768115942, 0.3313253012048193]}, "thresholds": [0.39, 0.63]}, "0.6": {"utility": 0.7495, "fairness": {"acceptance": [0.4306930693069307, 0.5989956958393113], "tpr": [0.5470085470085471, 0.7938461538461539], "fpr": [0.3575268817204301, 0.14558472553699284], "ppv": [0.4904214559386973, 0.9269461077844311], "for": [0.3072463768115942, 0.3595706618962433]}, "thresholds": [0.39, 0.6900000000000001]}, "0.7": {"utility": 0.7455, "fairness": {"acceptance": [0.5181518151815182, 0.642754662840746], "tpr": [0.6196581196581197, 0.8307692307692308], "fpr": [0.4543010752688172, 0.2052505966587112], "ppv": [0.46178343949044587, 0.9040178571428571], "for": [0.3047945205479452, 0.3313253012048193]}, "thresholds": [0.35000000000000003, 0.63]}, "0.8": {"utility": 0.741, "fairness": {"acceptance": [0.5594059405940595, 0.642754662840746], "tpr": [0.6538461538461539, 0.8307692307692308], "fpr": [0.5, 0.2052505966587112], "ppv": [0.45132743362831856, 0.9040178571428571], "for": [0.30337078651685395, 0.3313253012048193]}, "thresholds": [0.33, 0.63]}, "0.9": {"utility": 0.739, "fairness": {"acceptance": [0.6023102310231023, 0.642754662840746], "tpr": [0.7008547008547008, 0.8307692307692308], "fpr": [0.5403225806451613, 0.2052505966587112], "ppv": [0.44931506849315067, 0.9040178571428571], "for": [0.29045643153526973, 0.3313253012048193]}, "thresholds": [0.3, 0.63]}}, "tpr": {"0.0": {"utility": 0.772, "fairness": {"acceptance": [0.22607260726072606, 0.642754662840746], "tpr": [0.3547008547008547, 0.8307692307692308], "fpr": [0.14516129032258066, 0.2052505966587112], "ppv": [0.6058394160583942, 0.9040178571428571], "for": [0.32196162046908317, 0.3313253012048193]}, "thresholds": [0.55, 0.63]}, "1.0": {"utility": 0.7225, "fairness": {"acceptance": [0.7557755775577558, 0.642754662840746], "tpr": [0.8290598290598291, 0.8307692307692308], "fpr": [0.7096774193548387, 0.2052505966587112], "ppv": [0.42358078602620086, 0.9040178571428571], "for": [0.2702702702702703, 0.3313253012048193]}, "thresholds": [0.22, 0.63]}, "0.1": {"utility": 0.7705, "fairness": {"acceptance": [0.264026402640264, 0.642754662840746], "tpr": [0.3974358974358974, 0.8307692307692308], "fpr": [0.18010752688172044, 0.2052505966587112], "ppv": [0.58125, 0.9040178571428571], "for": [0.31614349775784756, 0.3313253012048193]}, "thresholds": [0.52, 0.63]}, "0.2": {"utility": 0.7685, "fairness": {"acceptance": [0.3085808580858086, 0.6520803443328551], "tpr": [0.452991452991453, 0.8358974358974359], "fpr": [0.21774193548387097, 0.2243436754176611], "ppv": [0.5668449197860963, 0.8965896589658966], "for": [0.3054892601431981, 0.32989690721649484]}, "thresholds": [0.48, 0.62]}, "0.3": {"utility": 0.7615, "fairness": {"acceptance": [0.3217821782178218, 0.609038737446198], "tpr": [0.4658119658119658, 0.798974358974359], "fpr": [0.23118279569892472, 0.16706443914081145], "ppv": [0.558974358974359, 0.917550058892815], "for": [0.30413625304136255, 0.3596330275229358]}, "thresholds": [0.47000000000000003, 0.68]}, "0.4": {"utility": 0.7585, "fairness": {"acceptance": [0.4158415841584158, 0.642754662840746], "tpr": [0.5427350427350427, 0.8307692307692308], "fpr": [0.33602150537634407, 0.2052505966587112], "ppv": [0.503968253968254, 0.9040178571428571], "for": [0.3022598870056497, 0.3313253012048193]}, "thresholds": [0.4, 0.63]}, "0.5": {"utility": 0.7485, "fairness": {"acceptance": [0.4158415841584158, 0.5882352941176471], "tpr": [0.5427350427350427, 0.7815384615384615], "fpr": [0.33602150537634407, 0.13842482100238662], "ppv": [0.503968253968254, 0.9292682926829269], "for": [0.3022598870056497, 0.3710801393728223]}, "thresholds": [0.4, 0.7000000000000001]}, "0.6": {"utility": 0.7405, "fairness": {"acceptance": [0.5181518151815182, 0.6226685796269728], "tpr": [0.6196581196581197, 0.8112820512820513], "fpr": [0.4543010752688172, 0.18377088305489261], "ppv": [0.46178343949044587, 0.9112903225806451], "for": [0.3047945205479452, 0.34980988593155893]}, "thresholds": [0.35000000000000003, 0.66]}, "0.7": {"utility": 0.741, "fairness": {"acceptance": [0.5858085808580858, 0.642754662840746], "tpr": [0.688034188034188, 0.8307692307692308], "fpr": [0.521505376344086, 0.2052505966587112], "ppv": [0.4535211267605634, 0.9040178571428571], "for": [0.2908366533864542, 0.3313253012048193]}, "thresholds": [0.31, 0.63]}, "0.8": {"utility": 0.7345, "fairness": {"acceptance": [0.6402640264026402, 0.642754662840746], "tpr": [0.7307692307692307, 0.8307692307692308], "fpr": [0.5833333333333334, 0.2052505966587112], "ppv": [0.44072164948453607, 0.9040178571428571], "for": [0.2889908256880734, 0.3313253012048193]}, "thresholds": [0.28, 0.63]}, "0.9": {"utility": 0.7275, "fairness": {"acceptance": [0.7029702970297029, 0.642754662840746], "tpr": [0.782051282051282, 0.8307692307692308], "fpr": [0.6532258064516129, 0.2052505966587112], "ppv": [0.4295774647887324, 0.9040178571428571], "for": [0.2833333333333333, 0.3313253012048193]}, "thresholds": [0.25, 0.63]}}, "fpr": {"0.0": {"utility": 0.772, "fairness": {"acceptance": [0.22607260726072606, 0.642754662840746], "tpr": [0.3547008547008547, 0.8307692307692308], "fpr": [0.14516129032258066, 0.2052505966587112], "ppv": [0.6058394160583942, 0.9040178571428571], "for": [0.32196162046908317, 0.3313253012048193]}, "thresholds": [0.55, 0.63]}, "1.0": {"utility": 0.769, "fairness": {"acceptance": [0.29207920792079206, 0.642754662840746], "tpr": [0.42735042735042733, 0.8307692307692308], "fpr": [0.20698924731182797, 0.2052505966587112], "ppv": [0.5649717514124294, 0.9040178571428571], "for": [0.3123543123543124, 0.3313253012048193]}, "thresholds": [0.49, 0.63]}, "0.1": {"utility": 0.77, "fairness": {"acceptance": [0.23597359735973597, 0.642754662840746], "tpr": [0.358974358974359, 0.8307692307692308], "fpr": [0.1586021505376344, 0.2052505966587112],