{"acceptance": {"0.0": {"utility": 0.86425, "fairness": {"acceptance": [0.831426851294401, 0.24277456647398843], "tpr": [0.929217059197963, 0.7275017998560115], "fpr": [0.467550923732828, 0.05719404630650496], "ppv": [0.8808834178131788, 0.8296387520525451], "for": [0.33095238095238094, 0.0996314819689392]}, "thresholds": [0.49, 0.5]}, "1.0": {"utility": 0.7189, "fairness": {"acceptance": [0.5605057194461168, 0.5532190552122782], "tpr": [0.6846594525779758, 0.9704823614110871], "fpr": [0.098531501657982, 0.3934674751929438], "ppv": [0.9627640529896169, 0.48567825617005944], "for": [0.5655251141552512, 0.018291322774927503]}, "thresholds": [0.87, 0.08]}, "0.1": {"utility": 0.86085, "fairness": {"acceptance": [0.8135661248244029, 0.28503089495714573], "tpr": [0.9175047740292808, 0.7926565874730022], "fpr": [0.4268119374703932, 0.09068357221609702], "ppv": [0.8888751850024667, 0.76993006993007], "for": [0.348762109795479, 0.0802899358795651]}, "thresholds": [0.53, 0.4]}, "0.2": {"utility": 0.855, "fairness": {"acceptance": [0.7580774633754767, 0.28503089495714573], "tpr": [0.8748567791215787, 0.7926565874730022], "fpr": [0.32354334438654664, 0.09068357221609702], "ppv": [0.9095962938451356, 0.76993006993007], "for": [0.40771464122770634, 0.0802899358795651]}, "thresholds": [0.63, 0.4]}, "0.3": {"utility": 0.84595, "fairness": {"acceptance": [0.7335942203491872, 0.31762009168825994], "tpr": [0.8543602800763844, 0.8329733621310296], "fpr": [0.28422548555187116, 0.12031422271223814], "ppv": [0.9179318834632745, 0.7260746783809225], "for": [0.43088512241054616, 0.06776690521396232]}, "thresholds": [0.67, 0.33]}, "0.4": {"utility": 0.8338, "fairness": {"acceptance": [0.6917519566526189, 0.3339645206298585], "tpr": [0.8168045830681094, 0.8498920086393088], "fpr": [0.22643297015632402, 0.136438809261301], "ppv": [0.930664345807949, 0.7045658012533572], "for": [0.4684244791666667, 0.06239712703875505]}, "thresholds": [0.73, 0.3]}, "0.5": {"utility": 0.81975, "fairness": {"acceptance": [0.6695765603050371, 0.37083914690053815], "tpr": [0.7961807765754296, 0.8844492440604752], "fpr": [0.19848413074372334, 0.17420066152149946], "ppv": [0.9372096508317099, 0.6603063692555765], "for": [0.48618281202550867, 0.05084745762711865]}, "thresholds": [0.76, 0.24]}, "0.6": {"utility": 0.8034, "fairness": {"acceptance": [0.6163957455348184, 0.37751644409009366], "tpr": [0.7443666454487587, 0.8887688984881209], "fpr": [0.14021790620558977, 0.1817805953693495], "ppv": [0.9518150740680449, 0.6517951425554382], "for": [0.5252419565786032, 0.0494716618635927]}, "thresholds": [0.8200000000000001, 0.23]}, "0.7": {"utility": 0.7874, "fairness": {"acceptance": [0.6163957455348184, 0.4305361769982061], "tpr": [0.7443666454487587, 0.9269258459323254], "fpr": [0.14021790620558977, 0.2404906284454245], "ppv": [0.9518150740680449, 0.5960648148148148], "for": [0.5252419565786032, 0.03552677633881694]}, "thresholds": [0.8200000000000001, 0.17]}, "0.8": {"utility": 0.76635, "fairness": {"acceptance": [0.5473610274934778, 0.42027107833366556], "tpr": [0.6697644812221515, 0.9197264218862491], "fpr": [0.09189957366177168, 0.22905181918412348], "ppv": [0.964436296975252, 0.6058809580270335], "for": [0.575038794058967, 0.03833591198212137]}, "thresholds": [0.88, 0.18]}, "0.9": {"utility": 0.7456, "fairness": {"acceptance": [0.5726469997993177, 0.5014949172812437], "tpr": [0.6982813494589434, 0.9564434845212383], "fpr": [0.10516342965419233, 0.32731532524807055], "ppv": [0.9611004030138427, 0.5280206677265501], "for": [0.556468654613759, 0.024190323870451818]}, "thresholds": [0.86, 0.11]}}, "tpr": {"0.0": {"utility": 0.86425, "fairness": {"acceptance": [0.831426851294401, 0.24277456647398843], "tpr": [0.929217059197963, 0.7275017998560115], "fpr": [0.467550923732828, 0.05719404630650496], "ppv": [0.8808834178131788, 0.8296387520525451], "for": [0.33095238095238094, 0.0996314819689392]}, "thresholds": [0.49, 0.5]}, "1.0": {"utility": 0.84175, "fairness": {"acceptance": [0.7131246237206502, 0.31762009168825994], "tpr": [0.8360280076384469, 0.8329733621310296], "fpr": [0.25580293699668405, 0.12031422271223814], "ppv": [0.924018573237653, 0.7260746783809225], "for": [0.45050717033927945, 0.06776690521396232]}, "thresholds": [0.7000000000000001, 0.33]}, "0.1": {"utility": 0.86355, "fairness": {"acceptance": [0.8135661248244029, 0.24656169025313932], "tpr": [0.9175047740292808, 0.7329013678905687], "fpr": [0.4268119374703932, 0.0603638368246968], "ppv": [0.8888751850024667, 0.8229587712206953], "for": [0.348762109795479, 0.09814814814814815]}, "thresholds": [0.53, 0.49]}, "0.2": {"utility": 0.86225, "fairness": {"acceptance": [0.8135661248244029, 0.26230815228224036], "tpr": [0.9175047740292808, 0.7566594672426206], "fpr": [0.4268119374703932, 0.07304299889746417], "ppv": [0.8888751850024667, 0.7986322188449848], "for": [0.348762109795479, 0.09132666846798163]}, "thresholds": [0.53, 0.45]}, "0.3": {"utility": 0.86155, "fairness": {"acceptance": [0.8135661248244029, 0.2752641020530197], "tpr": [0.9175047740292808, 0.7775377969762419], "fpr": [0.4268119374703932, 0.08296582138919514], "ppv": [0.8888751850024667, 0.782041998551774], "for": [0.348762109795479, 0.08498349834983498]}, "thresholds": [0.53, 0.42]}, "0.4": {"utility": 0.8602, "fairness": {"acceptance": [0.8086494079871563, 0.28503089495714573], "tpr": [0.9135582431572247, 0.7926565874730022], "fpr": [0.41828517290383704, 0.09068357221609702], "ppv": [0.890433056210448, 0.76993006993007], "for": [0.35605663345568955, 0.0802899358795651]}, "thresholds": [0.54, 0.4]}, "0.5": {"utility": 0.858, "fairness": {"acceptance": [0.7926951635560907, 0.289515646800877], "tpr": [0.9018459579885423, 0.7973362131029518], "fpr": [0.38654666035054475, 0.09509371554575524], "ppv": [0.8967088607594936, 0.7624784853700516], "for": [0.37318489835430785, 0.07897320802356572]}, "thresholds": [0.5700000000000001, 0.39]}, "0.6": {"utility": 0.8557, "fairness": {"acceptance": [0.8135661248244029, 0.31762009168825994], "tpr": [0.9175047740292808, 0.8329733621310296], "fpr": [0.4268119374703932, 0.12031422271223814], "ppv": [0.8888751850024667, 0.7260746783809225], "for": [0.348762109795479, 0.06776690521396232]}, "thresholds": [0.53, 0.33]}, "0.7": {"utility": 0.85315, "fairness": {"acceptance": [0.7869757174392936, 0.31762009168825994], "tpr": [0.8973901973265436, 0.8329733621310296], "fpr": [0.3761250592136428, 0.12031422271223814], "ppv": [0.8987632283564962, 0.7260746783809225], "for": [0.3796514366462553, 0.06776690521396232]}, "thresholds": [0.58, 0.33]}, "0.8": {"utility": 0.85, "fairness": {"acceptance": [0.7704194260485652, 0.3232011162049033], "tpr": [0.8840229153405474, 0.839812814974802], "fpr": [0.3477025106584557, 0.12541345093715545], "ppv": [0.9044021880698099, 0.7193956213382671], "for": [0.3981643356643357, 0.06552790457959064]}, "thresholds": [0.61, 0.32]}, "0.9": {"utility": 0.8464, "fairness": {"acceptance": [0.7519566526189043, 0.3285828184173809], "tpr": [0.8696371737746659, 0.8441324694024478], "fpr": [0.3140691615348176, 0.13120176405733186], "ppv": [0.911529223378703, 0.7112526539278131], "for": [0.41423948220064727, 0.06427193112661422]}, "thresholds": [0.64, 0.31]}}, "fpr": {"0.0": {"utility": 0.86425, "fairness": {"acceptance": [0.831426851294401, 0.24277456647398843], "tpr": [0.929217059197963, 0.7275017998560115], "fpr": [0.467550923732828, 0.05719404630650496], "ppv": [0.8808834178131788, 0.8296387520525451], "for": [0.33095238095238094, 0.0996314819689392]}, "thresholds": [0.49, 0.5]}, "1.0": {"utility": 0.81415, "fairness": {"acceptance": [0.6424844471202087, 0.3638628662547339], "tpr": [0.7698281349458943, 0.8776097912167027], "fpr": [0.16864045476077688, 0.16717199558985668], "ppv": [0.9444010620021864, 0.6677622569159134], "for": [0.5074375526241931, 0.05326648911170296]}, "thresholds": [0.79, 0.25]}, "0.1": {"utility": 0.86395, "fairness": {"acceptance": [0.8135661248244029, 0.24277456647398843],