{"metric_values_slider_dict": {"utility": 0.86425, "fairness": {"acceptance": [0.831426851294401, 0.24277456647398843], "tpr": [0.929217059197963, 0.7275017998560115], "fpr": [0.467550923732828, 0.05719404630650496], "ppv": [0.8808834178131788, 0.8296387520525451], "for": [0.33095238095238094, 0.0996314819689392]}, "thresholds": [0.49, 0.5]}}