{"metric_values_slider_dict": {"utility": 0.772, "fairness": {"acceptance": [0.22607260726072606, 0.642754662840746], "tpr": [0.3547008547008547, 0.8307692307692308], "fpr": [0.14516129032258066, 0.2052505966587112], "ppv": [0.6058394160583942, 0.9040178571428571], "for": [0.32196162046908317, 0.3313253012048193]}, "thresholds": [0.55, 0.63]}}