{"metric_values_slider_dict": {"utility": 0.7695, "fairness": {"acceptance": [0.14026402640264027, 0.3428981348637016], "tpr": [0.21544715447154472, 0.7086206896551724], "fpr": [0.08888888888888889, 0.08230958230958231], "ppv": [0.6235294117647059, 0.8598326359832636], "for": [0.3704414587332054, 0.18449781659388648]}, "thresholds": [0.67, 0.5]}}