{"metric_values_slider_dict": {"utility": 0.896, "fairness": {"acceptance": [0.40816326530612246, 0.5876865671641791], "tpr": [0.8571428571428571, 0.8960244648318043], "fpr": [0.07142857142857142, 0.10526315789473684], "ppv": [0.9, 0.9301587301587302], "for": [0.10344827586206896, 0.15384615384615385]}, "thresholds": [0.34, 0.5700000000000001]}}