{"acceptance": {"0.0": {"utility": 0.7695, "fairness": {"acceptance": [0.14026402640264027, 0.3428981348637016], "tpr": [0.21544715447154472, 0.7086206896551724], "fpr": [0.08888888888888889, 0.08230958230958231], "ppv": [0.6235294117647059, 0.8598326359832636], "for": [0.3704414587332054, 0.18449781659388648]}, "thresholds": [0.67, 0.5]}, "1.0": {"utility": 0.766, "fairness": {"acceptance": [0.3432343234323432, 0.3428981348637016], "tpr": [0.45121951219512196, 0.7086206896551724], "fpr": [0.26944444444444443, 0.08230958230958231], "ppv": [0.5336538461538461, 0.8598326359832636], "for": [0.3391959798994975, 0.18449781659388648]}, "thresholds": [0.49, 0.5]}, "0.1": {"utility": 0.7665, "fairness": {"acceptance": [0.15676567656765678, 0.33715925394548063], "tpr": [0.23170731707317074, 0.6982758620689655], "fpr": [0.10555555555555556, 0.07985257985257985], "ppv": [0.6, 0.8617021276595744], "for": [0.3698630136986301, 0.1893939393939394]}, "thresholds": [0.65, 0.51]}, "0.2": {"utility": 0.7685, "fairness": {"acceptance": [0.18316831683168316, 0.3428981348637016], "tpr": [0.26422764227642276, 0.7086206896551724], "fpr": [0.12777777777777777, 0.08230958230958231], "ppv": [0.5855855855855856, 0.8598326359832636], "for": [0.3656565656565657, 0.18449781659388648]}, "thresholds": [0.62, 0.5]}, "0.3": {"utility": 0.766, "fairness": {"acceptance": [0.19801980198019803, 0.33715925394548063], "tpr": [0.2804878048780488, 0.6982758620689655], "fpr": [0.14166666666666666, 0.07985257985257985], "ppv": [0.575, 0.8617021276595744], "for": [0.36419753086419754, 0.1893939393939394]}, "thresholds": [0.6, 0.51]}, "0.4": {"utility": 0.7645, "fairness": {"acceptance": [0.21287128712871287, 0.3328550932568149], "tpr": [0.2967479674796748, 0.6913793103448276], "fpr": [0.15555555555555556, 0.0773955773955774], "ppv": [0.5658914728682171, 0.8642241379310345], "for": [0.36268343815513626, 0.1924731182795699]}, "thresholds": [0.59, 0.52]}, "0.5": {"utility": 0.7655, "fairness": {"acceptance": [0.23927392739273928, 0.3428981348637016], "tpr": [0.32113821138211385, 0.7086206896551724], "fpr": [0.18333333333333332, 0.08230958230958231], "ppv": [0.5448275862068965, 0.8598326359832636], "for": [0.36225596529284165, 0.18449781659388648]}, "thresholds": [0.5700000000000001, 0.5]}, "0.6": {"utility": 0.7665, "fairness": {"acceptance": [0.2623762376237624, 0.3428981348637016], "tpr": [0.35365853658536583, 0.7086206896551724], "fpr": [0.2, 0.08230958230958231], "ppv": [0.5471698113207547, 0.8598326359832636], "for": [0.35570469798657717, 0.18449781659388648]}, "thresholds": [0.55, 0.5]}, "0.7": {"utility": 0.7645, "fairness": {"acceptance": [0.2854785478547855, 0.3486370157819225], "tpr": [0.3861788617886179, 0.7103448275862069], "fpr": [0.21666666666666667, 0.09090909090909091], "ppv": [0.5491329479768786, 0.8477366255144033], "for": [0.34872979214780603, 0.18502202643171806]}, "thresholds": [0.53, 0.49]}, "0.8": {"utility": 0.7655, "fairness": {"acceptance": [0.3118811881188119, 0.3486370157819225], "tpr": [0.42276422764227645, 0.7103448275862069], "fpr": [0.2361111111111111, 0.09090909090909091], "ppv": [0.5502645502645502, 0.8477366255144033], "for": [0.3405275779376499, 0.18502202643171806]}, "thresholds": [0.51, 0.49]}, "0.9": {"utility": 0.7655, "fairness": {"acceptance": [0.3118811881188119, 0.3328550932568149], "tpr": [0.42276422764227645, 0.6913793103448276], "fpr": [0.2361111111111111, 0.0773955773955774], "ppv": [0.5502645502645502, 0.8642241379310345], "for": [0.3405275779376499, 0.1924731182795699]}, "thresholds": [0.51, 0.52]}}, "tpr": {"0.0": {"utility": 0.7695, "fairness": {"acceptance": [0.14026402640264027, 0.3428981348637016], "tpr": [0.21544715447154472, 0.7086206896551724], "fpr": [0.08888888888888889, 0.08230958230958231], "ppv": [0.6235294117647059, 0.8598326359832636], "for": [0.3704414587332054, 0.18449781659388648]}, "thresholds": [0.67, 0.5]}, "1.0": {"utility": 0.751, "fairness": {"acceptance": [0.5, 0.28766140602582496], "tpr": [0.6260162601626016, 0.6241379310344828], "fpr": [0.41388888888888886, 0.04791154791154791], "ppv": [0.5082508250825083, 0.9027431421446384], "for": [0.30363036303630364, 0.21953675730110775]}, "thresholds": [0.38, 0.59]}, "0.1": {"utility": 0.7685, "fairness": {"acceptance": [0.18316831683168316, 0.3428981348637016], "tpr": [0.26422764227642276, 0.7086206896551724], "fpr": [0.12777777777777777, 0.08230958230958231], "ppv": [0.5855855855855856, 0.8598326359832636], "for": [0.3656565656565657, 0.18449781659388648]}, "thresholds": [0.62, 0.5]}, "0.2": {"utility": 0.7645, "fairness": {"acceptance": [0.21287128712871287, 0.3328550932568149], "tpr": [0.2967479674796748, 0.6913793103448276], "fpr": [0.15555555555555556, 0.0773955773955774], "ppv": [0.5658914728682171, 0.8642241379310345], "for": [0.36268343815513626, 0.1924731182795699]}, "thresholds": [0.59, 0.52]}, "0.3": {"utility": 0.7645, "fairness": {"acceptance": [0.2623762376237624, 0.33715925394548063], "tpr": [0.35365853658536583, 0.6982758620689655], "fpr": [0.2, 0.07985257985257985], "ppv": [0.5471698113207547, 0.8617021276595744], "for": [0.35570469798657717, 0.1893939393939394]}, "thresholds": [0.55, 0.51]}, "0.4": {"utility": 0.7655, "fairness": {"acceptance": [0.2986798679867987, 0.33715925394548063], "tpr": [0.4024390243902439, 0.6982758620689655], "fpr": [0.22777777777777777, 0.07985257985257985], "ppv": [0.5469613259668509, 0.8617021276595744], "for": [0.3458823529411765, 0.1893939393939394]}, "thresholds": [0.52, 0.51]}, "0.5": {"utility": 0.765, "fairness": {"acceptance": [0.3333333333333333, 0.3328550932568149], "tpr": [0.44715447154471544, 0.6913793103448276], "fpr": [0.25555555555555554, 0.0773955773955774], "ppv": [0.5445544554455446, 0.8642241379310345], "for": [0.33663366336633666, 0.1924731182795699]}, "thresholds": [0.5, 0.52]}, "0.6": {"utility": 0.764, "fairness": {"acceptance": [0.38283828382838286, 0.33715925394548063], "tpr": [0.5, 0.6982758620689655], "fpr": [0.30277777777777776, 0.07985257985257985], "ppv": [0.5301724137931034, 0.8617021276595744], "for": [0.32887700534759357, 0.1893939393939394]}, "thresholds": [0.47000000000000003, 0.51]}, "0.7": {"utility": 0.764, "fairness": {"acceptance": [0.4389438943894389, 0.3428981348637016], "tpr": [0.5609756097560976, 0.7086206896551724], "fpr": [0.35555555555555557, 0.08230958230958231], "ppv": [0.518796992481203, 0.8598326359832636], "for": [0.3176470588235294, 0.18449781659388648]}, "thresholds": [0.42, 0.5]}, "0.8": {"utility": 0.7605, "fairness": {"acceptance": [0.47029702970297027, 0.3328550932568149], "tpr": [0.5975609756097561, 0.6913793103448276], "fpr": [0.38333333333333336, 0.0773955773955774], "ppv": [0.5157894736842106, 0.8642241379310345], "for": [0.308411214953271, 0.1924731182795699]}, "thresholds": [0.4, 0.52]}, "0.9": {"utility": 0.758, "fairness": {"acceptance": [0.4884488448844885, 0.3170731707317073], "tpr": [0.6178861788617886, 0.6689655172413793], "fpr": [0.4, 0.06633906633906633], "ppv": [0.5135135135135135, 0.8778280542986425], "for": [0.3032258064516129, 0.20168067226890757]}, "thresholds": [0.39, 0.54]}}, "fpr": {"0.0": {"utility": 0.7695, "fairness": {"acceptance": [0.14026402640264027, 0.3428981348637016], "tpr": [0.21544715447154472, 0.7086206896551724], "fpr": [0.08888888888888889, 0.08230958230958231], "ppv": [0.6235294117647059, 0.8598326359832636], "for": [0.3704414587332054, 0.18449781659388648]}, "thresholds": [0.67, 0.5]}, "1.0": {"utility": 0.768, "fairness": {"acceptance": [0.132013201320132, 0.3428981348637016], "tpr": [0.1991869918699187, 0.7086206896551724], "fpr": [0.08611111111111111, 0.08230958230958231], "ppv": [0.6125, 0.8598326359832636], "for": [0.3745247148288973, 0.18449781659388648]}, "thresholds": [0.68, 0.5]}, "0.1": {"utility": 0.7695, "fairness": {"acceptance": [0.14026402640264027, 0.3428981348637016], "tpr": [0.21544715447154472, 0.7086206896551724], "fpr": [0.08888888888888889, 0.08230958230958231], "ppv": [0.6235294117647059, 0.8598326359832636],