{"acceptance": {"0.0": {"utility": 0.896, "fairness": {"acceptance": [0.40816326530612246, 0.5876865671641791], "tpr": [0.8571428571428571, 0.8960244648318043], "fpr": [0.07142857142857142, 0.10526315789473684], "ppv": [0.9, 0.9301587301587302], "for": [0.10344827586206896, 0.15384615384615385]}, "thresholds": [0.34, 0.5700000000000001]}, "1.0": {"utility": 0.869, "fairness": {"acceptance": [0.5994897959183674, 0.599502487562189], "tpr": [0.9345238095238095, 0.9031600407747197], "fpr": [0.3482142857142857, 0.12440191387559808], "ppv": [0.6680851063829787, 0.9190871369294605], "for": [0.07006369426751592, 0.14751552795031056]}, "thresholds": [0.13, 0.41000000000000003]}, "0.1": {"utility": 0.8925, "fairness": {"acceptance": [0.4260204081632653, 0.5876865671641791], "tpr": [0.8571428571428571, 0.8960244648318043], "fpr": [0.10267857142857142, 0.10526315789473684], "ppv": [0.8622754491017964, 0.9301587301587302], "for": [0.10666666666666667, 0.15384615384615385]}, "thresholds": [0.28, 0.5700000000000001]}, "0.2": {"utility": 0.888, "fairness": {"acceptance": [0.44642857142857145, 0.5895522388059702], "tpr": [0.8571428571428571, 0.8970438328236493], "fpr": [0.13839285714285715, 0.10845295055821372], "ppv": [0.8228571428571428, 0.9282700421940928], "for": [0.11059907834101383, 0.15303030303030302]}, "thresholds": [0.25, 0.51]}, "0.3": {"utility": 0.8855, "fairness": {"acceptance": [0.46938775510204084, 0.5945273631840796], "tpr": [0.875, 0.9001019367991845], "fpr": [0.16517857142857142, 0.11642743221690591], "ppv": [0.7989130434782609, 0.9236401673640168], "for": [0.10096153846153846, 0.15030674846625766]}, "thresholds": [0.22, 0.45]}, "0.4": {"utility": 0.884, "fairness": {"acceptance": [0.48214285714285715, 0.5895522388059702], "tpr": [0.875, 0.8970438328236493], "fpr": [0.1875, 0.10845295055821372], "ppv": [0.7777777777777778, 0.9282700421940928], "for": [0.10344827586206896, 0.15303030303030302]}, "thresholds": [0.2, 0.51]}, "0.5": {"utility": 0.883, "fairness": {"acceptance": [0.5025510204081632, 0.5920398009950248], "tpr": [0.8928571428571429, 0.8990825688073395], "fpr": [0.20982142857142858, 0.11164274322169059], "ppv": [0.7614213197969543, 0.9264705882352942], "for": [0.09230769230769231, 0.15091463414634146]}, "thresholds": [0.19, 0.47000000000000003]}, "0.6": {"utility": 0.8795, "fairness": {"acceptance": [0.5204081632653061, 0.5920398009950248], "tpr": [0.8928571428571429, 0.8990825688073395], "fpr": [0.24107142857142858, 0.11164274322169059], "ppv": [0.7352941176470589, 0.9264705882352942], "for": [0.09574468085106383, 0.15091463414634146]}, "thresholds": [0.18, 0.47000000000000003]}, "0.7": {"utility": 0.8785, "fairness": {"acceptance": [0.5357142857142857, 0.5895522388059702], "tpr": [0.9047619047619048, 0.8970438328236493], "fpr": [0.25892857142857145, 0.10845295055821372], "ppv": [0.7238095238095238, 0.9282700421940928], "for": [0.08791208791208792, 0.15303030303030302]}, "thresholds": [0.17, 0.51]}, "0.8": {"utility": 0.873, "fairness": {"acceptance": [0.5637755102040817, 0.599502487562189], "tpr": [0.9166666666666666, 0.9031600407747197], "fpr": [0.29910714285714285, 0.12440191387559808], "ppv": [0.6968325791855203, 0.9190871369294605], "for": [0.08187134502923976, 0.14751552795031056]}, "thresholds": [0.15, 0.41000000000000003]}, "0.9": {"utility": 0.875, "fairness": {"acceptance": [0.5739795918367347, 0.5920398009950248], "tpr": [0.9285714285714286, 0.8990825688073395], "fpr": [0.3080357142857143, 0.11164274322169059], "ppv": [0.6933333333333334, 0.9264705882352942], "for": [0.0718562874251497, 0.15091463414634146]}, "thresholds": [0.14, 0.47000000000000003]}}, "tpr": {"0.0": {"utility": 0.896, "fairness": {"acceptance": [0.40816326530612246, 0.5876865671641791], "tpr": [0.8571428571428571, 0.8960244648318043], "fpr": [0.07142857142857142, 0.10526315789473684], "ppv": [0.9, 0.9301587301587302], "for": [0.10344827586206896, 0.15384615384615385]}, "thresholds": [0.34, 0.5700000000000001]}, "1.0": {"utility": 0.883, "fairness": {"acceptance": [0.40816326530612246, 0.552860696517413], "tpr": [0.8571428571428571, 0.854230377166157], "fpr": [0.07142857142857142, 0.08133971291866028], "ppv": [0.9, 0.9426321709786277], "for": [0.10344827586206896, 0.19888734353268428]}, "thresholds": [0.34, 0.8]}, "0.1": {"utility": 0.8945, "fairness": {"acceptance": [0.40816326530612246, 0.5845771144278606], "tpr": [0.8571428571428571, 0.891946992864424], "fpr": [0.07142857142857142, 0.10366826156299841], "ppv": [0.9, 0.9308510638297872], "for": [0.10344827586206896, 0.15868263473053892]}, "thresholds": [0.34, 0.64]}, "0.2": {"utility": 0.893, "fairness": {"acceptance": [0.40816326530612246, 0.5814676616915423], "tpr": [0.8571428571428571, 0.8878695208970439], "fpr": [0.07142857142857142, 0.10207336523125997], "ppv": [0.9, 0.9315508021390374], "for": [0.10344827586206896, 0.16344725111441308]}, "thresholds": [0.34, 0.6900000000000001]}, "0.3": {"utility": 0.891, "fairness": {"acceptance": [0.40816326530612246, 0.5789800995024875], "tpr": [0.8571428571428571, 0.8837920489296636], "fpr": [0.07142857142857142, 0.10207336523125997], "ppv": [0.9, 0.9312567132116004], "for": [0.10344827586206896, 0.16838995568685378]}, "thresholds": [0.34, 0.71]}, "0.4": {"utility": 0.889, "fairness": {"acceptance": [0.40816326530612246, 0.5752487562189055], "tpr": [0.8571428571428571, 0.8786952089704383], "fpr": [0.07142857142857142, 0.10047846889952153], "ppv": [0.9, 0.9318918918918919], "for": [0.10344827586206896, 0.17423133235724744]}, "thresholds": [0.34, 0.74]}, "0.5": {"utility": 0.8885, "fairness": {"acceptance": [0.40816326530612246, 0.5708955223880597], "tpr": [0.8571428571428571, 0.8746177370030581], "fpr": [0.07142857142857142, 0.09569377990430622], "ppv": [0.9, 0.934640522875817], "for": [0.10344827586206896, 0.1782608695652174]}, "thresholds": [0.34, 0.76]}, "0.6": {"utility": 0.888, "fairness": {"acceptance": [0.40816326530612246, 0.5677860696517413], "tpr": [0.8571428571428571, 0.8715596330275229], "fpr": [0.07142857142857142, 0.09250398724082935], "ppv": [0.9, 0.9364731653888281], "for": [0.10344827586206896, 0.18129496402877698]}, "thresholds": [0.34, 0.77]}, "0.7": {"utility": 0.887, "fairness": {"acceptance": [0.40816326530612246, 0.5652985074626866], "tpr": [0.8571428571428571, 0.8685015290519877], "fpr": [0.07142857142857142, 0.09090909090909091], "ppv": [0.9, 0.9372937293729373], "for": [0.10344827586206896, 0.18454935622317598]}, "thresholds": [0.34, 0.78]}, "0.8": {"utility": 0.8865, "fairness": {"acceptance": [0.40816326530612246, 0.5609452736318408], "tpr": [0.8571428571428571, 0.8644240570846076], "fpr": [0.07142857142857142, 0.0861244019138756], "ppv": [0.9, 0.9401330376940134], "for": [0.10344827586206896, 0.18838526912181303]}, "thresholds": [0.34, 0.79]}, "0.9": {"utility": 0.883, "fairness": {"acceptance": [0.5025510204081632, 0.585820895522388], "tpr": [0.8928571428571429, 0.8939857288481141], "fpr": [0.20982142857142858, 0.10366826156299841], "ppv": [0.7614213197969543, 0.9309978768577495], "for": [0.09230769230769231, 0.15615615615615616]}, "thresholds": [0.19, 0.63]}}, "fpr": {"0.0": {"utility": 0.896, "fairness": {"acceptance": [0.40816326530612246, 0.5876865671641791], "tpr": [0.8571428571428571, 0.8960244648318043], "fpr": [0.07142857142857142, 0.10526315789473684], "ppv": [0.9, 0.9301587301587302], "for": [0.10344827586206896, 0.15384615384615385]}, "thresholds": [0.34, 0.5700000000000001]}, "1.0": {"utility": 0.891, "fairness": {"acceptance": [0.4260204081632653, 0.5833333333333334], "tpr": [0.8571428571428571, 0.890927624872579], "fpr": [0.10267857142857142, 0.10207336523125997], "ppv": [0.8622754491017964, 0.9317697228144989], "for": [0.10666666666666667, 0.15970149253731344]}, "thresholds": [0.28, 0.65]}, "0.1": {"utility": 0.895, "fairness": {"acceptance": [0.4107142857142857, 0.5883084577114428], "tpr": [0.8571428571428571, 0.8960244648318043], "fpr": [0.07589285714285714, 0.10685805422647528],